{"cameraMode":{"drawMode":0,"name":"Shaded","section":"Shading Mode"},"sceneLighting":false,"audioPlay":false,"sceneViewState":{"showFog":true,"showMaterialUpdate":false,"showSkybox":false,"showFlares":true,"showImageEffects":true,"showParticleSystems":true},"in2DMode":false,"pivot":{"x":9.754226684570313,"y":4.43011999130249,"z":8.728896141052246},"rotation":{"x":0.15662166476249696,"y":0.053306300193071368,"z":-0.008467956446111203,"w":0.9861862659454346},"size":4.772756099700928,"orthographic":false}