{"cameraMode":{"drawMode":0,"name":"Shaded","section":"Shading Mode"},"sceneLighting":true,"audioPlay":false,"sceneViewState":{"showFog":true,"showMaterialUpdate":false,"showSkybox":true,"showFlares":true,"showImageEffects":true,"showParticleSystems":true},"in2DMode":false,"pivot":{"x":-1.7767982482910157,"y":4.421220779418945,"z":-0.8535804748535156},"rotation":{"x":0.2522818148136139,"y":-0.16449639201164246,"z":0.04356544464826584,"w":0.9525745511054993},"size":10.0,"orthographic":false}