{"cameraMode":{"drawMode":0,"name":"Shaded","section":"Shading Mode"},"sceneLighting":true,"audioPlay":false,"sceneViewState":{"showFog":true,"showMaterialUpdate":false,"showSkybox":true,"showFlares":true,"showImageEffects":true,"showParticleSystems":true},"in2DMode":false,"pivot":{"x":10.543853759765625,"y":12.690595626831055,"z":-9.054275512695313},"rotation":{"x":-0.18373005092144013,"y":-0.01826716586947441,"z":0.0034193103201687338,"w":-0.9828175902366638},"size":1.710966944694519,"orthographic":false}